{"eden gardens": [22.5646094, 88.3423371], "wankhede stadium": [18.9385497, 72.8257408], "m chinnaswamy stadium": [12.9788127, 77.5995775], "feroz shah kotla": [28.6377017, 77.2431069], "rajiv gandhi international stadium, uppal": [17.4059481, 78.5505638], "dubai international cricket stadium": [25.0467384, 55.219007], "ma chidambaram stadium, chepauk": [13.0627521, 80.2784304], "sawai mansingh stadium": [26.8939911, 75.8032269], "wankhede stadium, mumbai": [18.9385497, 72.8257408], "punjab cricket association stadium, mohali": [25.09, 83.46], "sheikh zayed stadium": [24.4161287, 54.45363], "ma chidambaram stadium, chepauk, chennai": [13.0627521, 80.2784304], "sharjah cricket stadium": [25.3308493, 55.4208718], "narendra modi stadium, ahmedabad": [23.0917717, 72.5973345], "maharashtra cricket association stadium": [18.6737116, 73.706379], "dr dy patil sports academy, mumbai": [28.09, 86.46], "dr dy patil sports academy": [28.59, 86.96], "brabourne stadium, mumbai": [18.9319276, 72.8249626], "subrata roy sahara stadium": [29.59, 87.96], "arun jaitley stadium, delhi": [28.6377017, 77.2431069], "eden gardens, kolkata": [22.5646094, 88.3423371], "kingsmead": [53.2436546, -2.5188349], "m.chinnaswamy stadium": [12.9788127, 77.5995775], "rajiv gandhi international stadium": [19.0285449, 73.0442705], "arun jaitley stadium": [28.6377017, 77.2431069], "m chinnaswamy stadium, bengaluru": [12.9788127, 77.5995775], "bharat ratna shri atal bihari vajpayee ekana cricket stadium, lucknow": [26.8112572, 81.0167842], "sardar patel stadium, motera": [23.0925447, 72.5978635], "dr. y.s. rajasekhara reddy aca-vdca cricket stadium": [34.59, 92.96], "maharashtra cricket association stadium, pune": [18.6737116, 73.706379]}